{
  "train_loss": [
    0.6311162114143372,
    0.35965676978230476,
    0.32442380332698423,
    0.3126583209571739,
    0.29484876509134966,
    0.29339164790386957,
    0.28544701791057986,
    0.2743799341842532,
    0.28044851900388795,
    0.26552183584620553,
    0.2610309316466252,
    0.26100111783792573,
    0.2723446778642635,
    0.2524637474368016,
    0.2523053999369343,
    0.2430009045638144,
    0.23881527688354254,
    0.2437033855045835,
    0.2433892011952897,
    0.22534749982878566,
    0.2317009096344312,
    0.22585862471411625,
    0.22928617351378003,
    0.2371808374300599,
    0.22792705971126756,
    0.22221477003768086,
    0.22764310659840703,
    0.21587414434179664,
    0.2249084801102678,
    0.21990366016204158
  ],
  "train_iou": [
    0.4425929459587981,
    0.6340017157296339,
    0.6309827920049429,
    0.64720704096059,
    0.6714202159394821,
    0.6744567360728979,
    0.6855001269529263,
    0.6928691022718946,
    0.7041351068764925,
    0.7145345037182173,
    0.7195150523136059,
    0.7197308999796709,
    0.7113039785375198,
    0.7363751300921043,
    0.7436240147799253,
    0.750418254484733,
    0.7487365373720726,
    0.7533743238697449,
    0.7509501414994398,
    0.7651033258686463,
    0.7631201321880022,
    0.7728461865335703,
    0.7643532933046421,
    0.7597726558645567,
    0.7667872241387764,
    0.7775562598059574,
    0.7667303333679835,
    0.7769007850438356,
    0.7791666804502407,
    0.7730216197669506
  ],
  "val_loss": [
    0.4237920790910721,
    0.38905391097068787,
    0.33487266302108765,
    0.36355268955230713,
    0.2725170999765396,
    0.29027119278907776,
    0.27042923867702484,
    0.3040700852870941,
    0.27965354919433594,
    0.278813973069191,
    0.26513397693634033,
    0.26873381435871124,
    0.27366332709789276,
    0.2649806886911392,
    0.2606237679719925,
    0.2589554488658905,
    0.25726184248924255,
    0.25835271179676056,
    0.2557598352432251,
    0.2586038112640381,
    0.2569444626569748,
    0.25616271793842316,
    0.25623728334903717,
    0.2547779232263565,
    0.2528301104903221,
    0.25478868186473846,
    0.25370222330093384,
    0.25425097346305847,
    0.25375454127788544,
    0.25354424118995667
  ],
  "val_iou": [
    0.6878275275230408,
    0.5723079442977905,
    0.6319192051887512,
    0.6213949918746948,
    0.73213130235672,
    0.7027301788330078,
    0.7368903756141663,
    0.6843492984771729,
    0.7248637080192566,
    0.7292597889900208,
    0.7497413754463196,
    0.7396045923233032,
    0.736763060092926,
    0.7553443312644958,
    0.7526835799217224,
    0.7587375044822693,
    0.7500783801078796,
    0.7572454214096069,
    0.76221764087677,
    0.7622283697128296,
    0.7698492407798767,
    0.7688841223716736,
    0.769286572933197,
    0.7675541639328003,
    0.7703806757926941,
    0.7727265357971191,
    0.7740423679351807,
    0.7728529572486877,
    0.7743979692459106,
    0.7749017477035522
  ],
  "val_f1": [
    0.8150448073122931,
    0.7279845661066987,
    0.7744491433338913,
    0.7664942841589548,
    0.8453531325747574,
    0.8254157775203079,
    0.8485168336575184,
    0.8125978203910618,
    0.8404880861557216,
    0.843435789100233,
    0.8569739316815214,
    0.8503134601528791,
    0.8484324416598418,
    0.8606224097177321,
    0.8588927280653342,
    0.8628206204097986,
    0.8571940325726959,
    0.8618550377869238,
    0.8650663998023961,
    0.8650733076787592,
    0.8699602329900156,
    0.8693437059557417,
    0.8696008742126441,
    0.8684929394341444,
    0.8702994479212873,
    0.8717944076206379,
    0.8726312227302743,
    0.8718748469758163,
    0.872857122397636,
    0.8731770606978633
  ],
  "lr": [
    0.0002815183602759288,
    0.0007630271146438262,
    0.0009999996327447868,
    0.0009965484736296241,
    0.0009863823752760945,
    0.0009696388167246522,
    0.0009465442258814003,
    0.0009174109174690954,
    0.0008826328695062928,
    0.0008426803954305084,
    0.0007980937839157918,
    0.0007494759923952661,
    0.0006974844930962082,
    0.0006428223818560587,
    0.00058622886995737,
    0.0005284692875633136,
    0.00047032473394013663,
    0.00041258151442954743,
    0.0003560205070178642,
    0.00030140660230083355,
    0.00024947835965047924,
    0.0002009380194665843,
    0.00015644200657996435,
    0.00011659205323271787,
    8.192706168191322e-05,
    5.291581647104116e-05,
    2.9950644923254533e-05,
    1.3342111587355846e-05,
    3.3148183850415246e-06,
    4.367255213205414e-09
  ]
}