{
  "train_loss": [
    1.2665795743927475,
    1.243642467398976,
    1.3582724060199058,
    1.3794055128282354,
    1.3124432651571525,
    1.3006129301795664,
    1.2339040304339208,
    1.2192196397818336,
    1.1938755401345187,
    1.1907295760258223,
    1.103273723476617,
    1.098624162895735,
    1.0981394029402918,
    1.0961150332938794,
    1.0713036226671795,
    1.0774731321852336,
    1.076991739199143,
    1.0999059399893119,
    1.0791976077612055,
    1.081525676934294,
    1.1010563535283702,
    1.0716669480930003,
    1.0830835857132608,
    1.0521116871242375,
    1.0650696601978569,
    1.0798297857129298,
    1.098341087962306,
    1.0725545319475869,
    1.0565338615299196,
    1.0657339622808057,
    1.060576419728671,
    1.0679501780243807,
    1.0667423564334249,
    1.0800620862679888,
    1.0684787686481032,
    1.0682046182395877,
    1.073348600735036,
    1.0777548047923302,
    1.0713380963303323,
    1.0804943516272907,
    1.0521009957143503,
    1.0528311771015788,
    1.0669926016829734,
    1.0605310081511505,
    1.0652058614316837,
    1.0745540630909824,
    1.0683213398438092,
    1.071677473164344,
    1.065182974172193,
    1.072507126848827,
    1.0713075956170872,
    1.0869192180707472,
    1.0517096623431805,
    1.083419838154963,
    1.0701295525528665,
    1.0881221340608227,
    1.041609404160995,
    1.088714639345805,
    1.076417886933615,
    1.0722524643868439,
    1.075239334919656,
    1.0751054185305455,
    1.0734183899191923,
    1.0616509207459384,
    1.060299647870914,
    1.0784831966540611,
    1.0644743511843127,
    1.0564001246478207,
    1.0721963602443074,
    1.0578307384668395,
    1.0782191083412762,
    1.0681823325711628,
    1.060198642255724,
    1.0619396946226904,
    1.0671766765357913,
    1.1010595560073853,
    1.0667850097944571,
    1.078764406747596,
    1.0635352703027947,
    1.0789269384487654,
    1.06488137790399,
    1.0649932378022247,
    1.065193892911423,
    1.0680310467416927,
    1.0654027605241583,
    1.046514601208443,
    1.0673415037088616,
    1.0492212726164234,
    1.0737800362498262,
    1.0669113376805948,
    1.0932364620903665,
    1.0712485664574676,
    1.0806275647740031,
    1.0585751404133878,
    1.0672343872314276,
    1.0450994621875673,
    1.062279576941054,
    1.0677066172740257,
    1.0800389892371125,
    1.041957767896874
  ],
  "val_map": [
    0.0,
    0.09090909090909091,
    0.19646017699115043,
    0.2931709233478036,
    0.36807788397044966,
    0.3836967083609844,
    0.39156189778592676,
    0.3986761763519711,
    0.4032626597823882,
    0.4592957123503744,
    0.4664865998871386,
    0.46794562682410634,
    0.4686736537507857,
    0.4754377508483865,
    0.4727198535154027,
    0.47329951871420944,
    0.4742240844738426,
    0.47255803669748464,
    0.4739826443717084,
    0.4715300107067242,
    0.4736114069206867,
    0.47686850822061505,
    0.476735267310492,
    0.47521898536722795,
    0.4764274583138255,
    0.4778676922066208,
    0.47410562154522945,
    0.4759069813875025,
    0.4762179593436949,
    0.4757728260484598,
    0.4757106990081988,
    0.47584482174232934,
    0.47586848164929835,
    0.476257512606638,
    0.4755098736829698,
    0.4759599393687269,
    0.4760173524914837,
    0.4755124661900997,
    0.4761802260460772,
    0.4757920148691301,
    0.4759693198515453,
    0.4760083942714987,
    0.47599988600766724,
    0.47602508242216557,
    0.47578319709528283,
    0.4756935121882147,
    0.47575672004230046,
    0.47580796396095876,
    0.476041268676717,
    0.4759804891794447,
    0.4759829314565254,
    0.4759599808598863,
    0.47602358223761704,
    0.4759812730692962,
    0.4759184370927844,
    0.47591854420653357,
    0.4759599808598863,
    0.4759599808598863,
    0.47599981763955,
    0.47598015433816454,
    0.47602930896505585,
    0.4759014481173313,
    0.4760041140085743,
    0.4759778948102921,
    0.47600636555018966,
    0.47595961926008207,
    0.47595974835052357,
    0.47595200079942335,
    0.47593351946897305,
    0.47592147773793614,
    0.4759464504533902,
    0.4759464504533902,
    0.4759464504533902,
    0.4759552530945792,
    0.47596297090460027,
    0.47596297090460027,
    0.4759417071845131,
    0.47596297090460027,
    0.47596297090460027,
    0.47596297090460027,
    0.47596297090460027,
    0.47596297090460027,
    0.47596297090460027,
    0.47596297090460027,
    0.47596297090460027,
    0.47596297090460027,
    0.47596297090460027,
    0.47596297090460027,
    0.47596297090460027,
    0.47596297090460027,
    0.47596297090460027,
    0.47596297090460027,
    0.47596297090460027,
    0.47596297090460027,
    0.47596297090460027,
    0.47596297090460027,
    0.47596297090460027,
    0.47596297090460027,
    0.47596297090460027,
    0.47596297090460027
  ]
}